slice,n,alerts,alert_rate,precision,group
"(-0.001, 3.76]",7121.0,28.0,0.003932032017975004,0.14285714285714285,Amount
"(15.13, 58.31]",7104.0,3.0,0.0004222972972972973,1.0,Amount
"(3.76, 15.13]",7136.0,9.0,0.0012612107623318385,0.2222222222222222,Amount
"(58.31, 25691.16]",7120.0,25.0,0.0035112359550561797,0.28,Amount
Evening,28481.0,65.0,0.002282223236543661,0.24615384615384617,HourOfDay
