mode,value,tau
K,100.0,0.8954763592449762
K,250.0,0.7253023103045938
K,500.0,0.6092031901426791
K,1000.0,0.41844475101734036
FPR,0.0,0.9999999444779295
FPR,0.005,0.9491628570163028
FPR,0.01,0.7403335165089057
FPR,0.02,0.5726812225322816
